,tokenizer,vocab_size,sentence_length,sentence_split_ratio,word_split_ratio,manual_evaluation,cola,sst2,mrpc,stsb,rte,wnli
0,-1,-1.0,-1.0,-1.0,-1.0,-1.0,-1.0,-1.0,-1.0,-1.0,-1.0,-1.0
1,roberta-base,30000.0,15.1496,1.8027388218923737,1.5938558653340347,0.1811320754716981,-1.0,-1.0,-1.0,-1.0,-1.0,-1.0
2,roberta-base,35000.0,14.8514,1.77465660602515,1.5624829037348764,0.15849056603773584,-1.0,-1.0,-1.0,-1.0,-1.0,-1.0
3,roberta-base,36000.0,14.807,1.7706131731731358,1.5578116780641766,0.15849056603773584,-1.0,-1.0,-1.0,-1.0,-1.0,-1.0
4,roberta-base,37000.0,14.7502,1.7649603561304419,1.5518358758548132,0.1509433962264151,-1.0,-1.0,-1.0,-1.0,-1.0,-1.0
5,roberta-base,38000.0,14.7136,1.7614370731866638,1.5479852709100475,0.14339622641509434,-1.0,-1.0,-1.0,-1.0,-1.0,-1.0
6,roberta-base,39000.0,14.6698,1.757724181272883,1.5433771699105734,0.14339622641509434,-1.0,-1.0,-1.0,-1.0,-1.0,-1.0
7,roberta-base,pretrained,14.8392,1.8093105926774995,1.5611993687532877,0.15471698113207547,,,,,,
